{"root":[{"assemblyName":"Assembly-CSharp","nameSpace":"Photon.Compression","className":"PackObjectSettings","methodName":"Bootstrap","loadTypes":0,"isUnityClass":false},{"assemblyName":"Assembly-CSharp","nameSpace":"Photon.Compression","className":"WorldBoundsSettings","methodName":"Bootstrap","loadTypes":1,"isUnityClass":false},{"assemblyName":"Assembly-CSharp","nameSpace":"Photon.Compression.Internal","className":"Pack_TestPackObject","methodName":"Initialize","loadTypes":1,"isUnityClass":false},{"assemblyName":"Assembly-CSharp","nameSpace":"Photon.Pun.Simple","className":"MountSettings","methodName":"Bootstrap","loadTypes":0,"isUnityClass":false},{"assemblyName":"Assembly-CSharp","nameSpace":"Photon.Pun.Simple","className":"NetMaster","methodName":"EnsureExistsInScene","loadTypes":1,"isUnityClass":false},{"assemblyName":"Assembly-CSharp","nameSpace":"Photon.Pun.Simple","className":"TickEngineSettings","methodName":"Bootstrap","loadTypes":1,"isUnityClass":false},{"assemblyName":"Assembly-CSharp","nameSpace":"Photon.Pun.Simple","className":"AutoDestroyUnspawned","methodName":"DestroyUnspawned","loadTypes":0,"isUnityClass":false},{"assemblyName":"Assembly-CSharp","nameSpace":"Photon.Pun.Simple.ContactGroups","className":"ContactGroupSettings","methodName":"Bootstrap","loadTypes":0,"isUnityClass":false},{"assemblyName":"Assembly-CSharp","nameSpace":"Photon.Pun.Simple.Internal","className":"TickManager","methodName":"Bootstrap","loadTypes":0,"isUnityClass":false},{"assemblyName":"Assembly-CSharp","nameSpace":"Photon.Pun.Simple.Internal","className":"NetMsgCallbacks","methodName":"RegisterOnEventListener","loadTypes":0,"isUnityClass":false},{"assemblyName":"Assembly-CSharp","nameSpace":"Photon.Pun.Simple.Internal","className":"NetMsgSends","methodName":"CacheSettings","loadTypes":0,"isUnityClass":false},{"assemblyName":"PhotonRealtime","nameSpace":"Photon.Realtime","className":"ConnectionHandler","methodName":"StaticReset","loadTypes":4,"isUnityClass":false},{"assemblyName":"Unity.Services.Core.Internal","nameSpace":"Unity.Services.Core.Internal","className":"TaskAsyncOperation","methodName":"SetScheduler","loadTypes":1,"isUnityClass":true},{"assemblyName":"Unity.Services.Core.Internal","nameSpace":"Unity.Services.Core.Internal","className":"UnityServicesInitializer","methodName":"CreateStaticInstance","loadTypes":2,"isUnityClass":true},{"assemblyName":"Unity.Services.Core.Internal","nameSpace":"Unity.Services.Core.Internal","className":"UnityServicesInitializer","methodName":"EnableServicesInitializationAsync","loadTypes":0,"isUnityClass":true},{"assemblyName":"Unity.Services.Core","nameSpace":"Unity.Services.Core","className":"UnityThreadUtils","methodName":"CaptureUnityThreadInfo","loadTypes":4,"isUnityClass":true},{"assemblyName":"Unity.VisualScripting.Core","nameSpace":"Unity.VisualScripting","className":"RuntimeVSUsageUtility","methodName":"RuntimeInitializeOnLoadBeforeSceneLoad","loadTypes":1,"isUnityClass":true},{"assemblyName":"Unity.Services.Core.Registration","nameSpace":"Unity.Services.Core.Registration","className":"CorePackageInitializer","methodName":"Register","loadTypes":1,"isUnityClass":true}]}
